<?xml version="1.0" encoding="UTF-8" standalone="yes"?>
<addon id="MisterSeitz" name="MisterSeitz" version="0.0.1" provider-name="MisterSeitz">
	<extension point="xbmc.addon.repository" name="MisterSeitz">
		<dir>
			<info compressed="false">https://raw.githubusercontent.com/noobsandnerds/modules4all/master/zips/addons.xml</info>
			<checksum>https://raw.githubusercontent.com/noobsandnerds/modules4all/master/zips/addons.xml.md5</checksum>
			<datadir zip="true">https://raw.githubusercontent.com/noobsandnerds/modules4all/master/zips/</datadir>
		</dir>
		<info compressed="false">https://raw.githubusercontent.com/MisterSeitz/MisterSeitz/master/zips/addons.xml</info>
		<checksum>https://raw.githubusercontent.com/MisterSeitz/MisterSeitz/master/zips/addons.xml.md5</checksum>
		<datadir zip="true">https://raw.githubusercontent.com/MisterSeitz/MisterSeitz/master/zips/</datadir>
	</extension>
	<extension point="xbmc.addon.metadata">
		<summary lang="en">MisterSeitz Movies and TV Shows</summary>
		<description lang="en">MisterSeitz Movies and TV Shows</description>
		<genre>comedy,kids,movies,tvshows</genre>
	</extension>
</addon>